Departamento,Categoria,Subcategoria,Característica
moças,acessórios,óculos,armações
moças,acessórios,óculos,escuros
moças,acessórios,óculos,cordão
moças,acessórios,óculos,estojos
moças,acessórios,óculos,lentes
moças,acessórios,óculos,limpeza
moças,acessórios,óculos,peças e ganchos
moças,acessórios,óculos,outros
moças,acessórios,relógios,analógicos
moças,acessórios,relógios,digitais
moças,acessórios,relógios,outros
moças,acessórios,jóias e bijuterias,alargadores e piercings
moças,acessórios,jóias e bijuterias,alianças
moças,acessórios,jóias e bijuterias,anéis
moças,acessórios,jóias e bijuterias,brincos
moças,acessórios,jóias e bijuterias,broches
moças,acessórios,jóias e bijuterias,colares
moças,acessórios,jóias e bijuterias,pingentes
moças,acessórios,jóias e bijuterias,porta-joias
moças,acessórios,jóias e bijuterias,pulseiras
moças,acessórios,jóias e bijuterias,relicários
moças,acessórios,jóias e bijuterias,outros
moças,acessórios,cachecóis,
moças,acessórios,cintos,
moças,acessórios,lenços,
moças,acessórios,leques,
moças,acessórios,luvas,
moças,acessórios,ponchos,
moças,acessórios,toucas,
moças,acessórios,chapéus,boina
moças,acessórios,chapéus,boné
moças,acessórios,chapéus,bucket
moças,acessórios,chapéus,cowboy
moças,acessórios,chapéus,fedora
moças,acessórios,chapéus,panamá
moças,acessórios,chapéus,pescador
moças,acessórios,chapéus,praia
moças,acessórios,chapéus,touca
moças,acessórios,chapéus,viseira
moças,acessórios,chapéus,outros
moças,acessórios,acessórios para cabelo,bandanas
moças,acessórios,acessórios para cabelo,faixas
moças,acessórios,acessórios para cabelo,prendedores
moças,acessórios,acessórios para cabelo,presilhas
moças,acessórios,acessórios para cabelo,tiaras
moças,acessórios,acessórios para cabelo,outros
moças,roupas,blusas,básicas e t-shirts
moças,roupas,blusas,batas
moças,roupas,blusas,bodys
moças,roupas,blusas,camisetas
moças,roupas,blusas,croppeds
moças,roupas,blusas,esporte
moças,roupas,blusas,regatas
moças,roupas,blusas,tops
moças,roupas,blusas,outros
moças,roupas,coletes,básicos
moças,roupas,coletes,esportivos
moças,roupas,coletes,outros
moças,roupas,calças,alfaiataria
moças,roupas,calças,básica / reta
moças,roupas,calças,bootcut
moças,roupas,calças,boyfriend
moças,roupas,calças,capri
moças,roupas,calças,cargo
moças,roupas,calças,carrot
moças,roupas,calças,culotte
moças,roupas,calças,esporte
moças,roupas,calças,jeans
moças,roupas,calças,jogger
moças,roupas,calças,legging
moças,roupas,calças,maternidade
moças,roupas,calças,moletom
moças,roupas,calças,mom
moças,roupas,calças,pantacourt
moças,roupas,calças,pantalona
moças,roupas,calças,push-up
moças,roupas,calças,saruel
moças,roupas,calças,slim / skinny
moças,roupas,calças,vintage
moças,roupas,calças,wide leg
moças,roupas,calças,outros
moças,roupas,camisas,chemises
moças,roupas,camisas,croppeds
moças,roupas,camisas,manga curta
moças,roupas,camisas,manga longa
moças,roupas,camisas,sem manga
moças,roupas,camisas,outros
moças,roupas,casacos e jaquetas,esporte
moças,roupas,casacos e jaquetas,corta vento
moças,roupas,casacos e jaquetas,capas de chuva
moças,roupas,casacos e jaquetas,jaquetas
moças,roupas,casacos e jaquetas,jeans
moças,roupas,casacos e jaquetas,parkas
moças,roupas,casacos e jaquetas,sobretudos
moças,roupas,casacos e jaquetas,suéters e cardigans
moças,roupas,casacos e jaquetas,trench coats
moças,roupas,casacos e jaquetas,outros
moças,roupas,macacões,festa
moças,roupas,macacões,jardineira
moças,roupas,macacões,macaquinhos
moças,roupas,macacões,maternidade
moças,roupas,macacões,pantacourt
moças,roupas,macacões,pantalona
moças,roupas,macacões,vintage
moças,roupas,macacões,outros
moças,roupas,saias,alfaiataria
moças,roupas,saias,assimétrica
moças,roupas,saias,envelope
moças,roupas,saias,esporte
moças,roupas,saias,lápis
moças,roupas,saias,maxi
moças,roupas,saias,midi
moças,roupas,saias,plissadas
moças,roupas,saias,rodadas
moças,roupas,saias,vintage
moças,roupas,saias,outros
moças,roupas,shorts e bermudas,jogger
moças,roupas,shorts e bermudas,boyfriend
moças,roupas,shorts e bermudas,alfaiataria
moças,roupas,shorts e bermudas,cargo
moças,roupas,shorts e bermudas,esporte
moças,roupas,shorts e bermudas,short-saia
moças,roupas,shorts e bermudas,vintage
moças,roupas,shorts e bermudas,social
moças,roupas,shorts e bermudas,outros
moças,roupas,terninhos,blazers
moças,roupas,terninhos,calças
moças,roupas,terninhos,conjuntos
moças,roupas,terninhos,saias
moças,roupas,terninhos,outros
moças,roupas,vestidos,assimétrico
moças,roupas,vestidos,balonê
moças,roupas,vestidos,básico
moças,roupas,vestidos,chemise
moças,roupas,vestidos,envelope
moças,roupas,vestidos,evasê
moças,roupas,vestidos,festa e formatura
moças,roupas,vestidos,fitness
moças,roupas,vestidos,maternidade
moças,roupas,vestidos,noiva
moças,roupas,vestidos,peplum
moças,roupas,vestidos,polo
moças,roupas,vestidos,rodado
moças,roupas,vestidos,slip dress
moças,roupas,vestidos,tubinho
moças,roupas,vestidos,outros
moças,roupas,kimonos,
moças,roupas,praia,biquinis
moças,roupas,praia,bolsas
moças,roupas,praia,cangas
moças,roupas,praia,maiôs
moças,roupas,praia,saídas de praia
moças,roupas,praia,toalhas
moças,roupas,praia,outros
moças,roupas,moda íntima,sutiã
moças,roupas,moda íntima,calcinha
moças,roupas,moda íntima,cinta
moças,roupas,moda íntima,cinta-liga
moças,roupas,moda íntima,corpetes e corsets
moças,roupas,moda íntima,maternidade
moças,roupas,moda íntima,segunda pele
moças,roupas,moda íntima,outros
moças,roupas,pijamas,americano
moças,roupas,pijamas,baby doll
moças,roupas,pijamas,básico
moças,roupas,pijamas,camisola
moças,roupas,pijamas,conjunto
moças,roupas,pijamas,robe e roupão
moças,roupas,pijamas,short doll
moças,roupas,pijamas,outros
moças,roupas,meias,antiderrapante
moças,roupas,meias,cano alto
moças,roupas,meias,cano baixo
moças,roupas,meias,compressão
moças,roupas,meias,esporte
moças,roupas,meias,invisível
moças,roupas,meias,maternidade
moças,roupas,meias,meia 3/4
moças,roupas,meias,meia calça
moças,roupas,meias,polainas
moças,roupas,meias,sapatilhas
moças,roupas,meias,soquete
moças,roupas,meias,térmicas
moças,roupas,meias,outros
moças,roupas,fantasias,animais
moças,roupas,fantasias,datas comemorativas
moças,roupas,fantasias,da época
moças,roupas,fantasias,ficção cientifíca e geek
moças,roupas,fantasias,horror
moças,roupas,fantasias,personagens e super-heróis
moças,roupas,fantasias,profissões
moças,roupas,fantasias,outros
moças,beleza,maquiagens,corpo
moças,beleza,maquiagens,lábios
moças,beleza,maquiagens,olhos
moças,beleza,maquiagens,pele
moças,beleza,maquiagens,sobrancelhas
moças,beleza,maquiagens,outros
moças,beleza,skincare,corpo
moças,beleza,skincare,rosto
moças,beleza,skincare,outros
moças,beleza,perfumes,
moças,beleza,cabelos,shampoos
moças,beleza,cabelos,condicionadores
moças,beleza,cabelos,tratamentos
moças,beleza,cabelos,finalizadores
moças,beleza,cabelos,modeladores
moças,beleza,cabelos,outros
moças,beleza,unhas,bases e top coats
moças,beleza,unhas,esmaltes
moças,beleza,unhas,fixadores
moças,beleza,unhas,tratamentos
moças,beleza,unhas,manicure e pedicure
moças,beleza,unhas,removedores
moças,beleza,unhas,outros
moças,beleza,acessórios,pincéis
moças,beleza,acessórios,esponjas
moças,beleza,acessórios,curvex
moças,beleza,acessórios,apontadores
moças,beleza,acessórios,outros
moças,calçados,botas,plataformas
moças,calçados,botas,over the knee
moças,calçados,botas,coturnos
moças,calçados,botas,chelsea
moças,calçados,botas,cowboy
moças,calçados,botas,outros
moças,calçados,sandálias e rasteiras,alpargatas
moças,calçados,sandálias e rasteiras,birkens
moças,calçados,sandálias e rasteiras,festa
moças,calçados,sandálias e rasteiras,gladiadoras
moças,calçados,sandálias e rasteiras,papetes
moças,calçados,sandálias e rasteiras,rasteirinhas
moças,calçados,sandálias e rasteiras,outros
moças,calçados,sapatilhas,clássicas
moças,calçados,sapatilhas,peep-toe
moças,calçados,sapatilhas,mary jane
moças,calçados,sapatilhas,alpargatas
moças,calçados,sapatilhas,outros
moças,calçados,sapatos,peep-toe
moças,calçados,sapatos,oxfords
moças,calçados,sapatos,scarpin
moças,calçados,sapatos,mocassins
moças,calçados,sapatos,outros
moças,calçados,tênis,sneakers
moças,calçados,tênis,casual
moças,calçados,tênis,esporte
moças,calçados,tênis,outros
moças,calçados,chinelos,
moças,calçados,mules,
moças,calçados,pantufas,
moças,calçados,acessórios,cardaços
moças,calçados,acessórios,palmilhas
moças,calçados,acessórios,outros
moças,bolsas,baú,
moças,bolsas,briefcase,
moças,bolsas,bucket,
moças,bolsas,carteira e porta-documento,
moças,bolsas,carteiro,
moças,bolsas,clutch,
moças,bolsas,crossbody,
moças,bolsas,esportes,
moças,bolsas,leque,
moças,bolsas,mala,
moças,bolsas,mão,
moças,bolsas,messenger,
moças,bolsas,mini,
moças,bolsas,mochila,
moças,bolsas,necessaire,
moças,bolsas,ombro,
moças,bolsas,peças e acessórios,
moças,bolsas,pochete,
moças,bolsas,satchel,
moças,bolsas,tiracolo,
moças,bolsas,tote,
moças,bolsas,outros,
moças,outros,,
rapazes,acessórios,óculos,armações
rapazes,acessórios,óculos,escuros
rapazes,acessórios,óculos,cordão
rapazes,acessórios,óculos,estojos
rapazes,acessórios,óculos,lentes
rapazes,acessórios,óculos,limpeza
rapazes,acessórios,óculos,peças e ganchos
rapazes,acessórios,óculos,outros
rapazes,acessórios,relógios,analógicos
rapazes,acessórios,relógios,digitais
rapazes,acessórios,relógios,outros
rapazes,acessórios,chapéus,boina
rapazes,acessórios,chapéus,boné
rapazes,acessórios,chapéus,bucket
rapazes,acessórios,chapéus,cowboy
rapazes,acessórios,chapéus,fedora
rapazes,acessórios,chapéus,panamá
rapazes,acessórios,chapéus,pescador
rapazes,acessórios,chapéus,praia
rapazes,acessórios,chapéus,touca
rapazes,acessórios,chapéus,viseira
rapazes,acessórios,chapéus,outros
rapazes,acessórios,cintos,
rapazes,acessórios,lenços,
rapazes,acessórios,cachecol,
rapazes,acessórios,carteiras,
rapazes,acessórios,toucas,
rapazes,acessórios,luvas,
rapazes,acessórios,jóias e bijuterias,abotoaduras
rapazes,acessórios,jóias e bijuterias,alargadores e piercings
rapazes,acessórios,jóias e bijuterias,alianças
rapazes,acessórios,jóias e bijuterias,anéis
rapazes,acessórios,jóias e bijuterias,brincos
rapazes,acessórios,jóias e bijuterias,broches
rapazes,acessórios,jóias e bijuterias,colares
rapazes,acessórios,jóias e bijuterias,correntes
rapazes,acessórios,jóias e bijuterias,pingentes
rapazes,acessórios,jóias e bijuterias,porta-joias
rapazes,acessórios,jóias e bijuterias,pulseiras
rapazes,acessórios,jóias e bijuterias,relicários
rapazes,acessórios,jóias e bijuterias,outros
rapazes,acessórios,acessórios para cabelo,bandanas
rapazes,acessórios,acessórios para cabelo,faixas
rapazes,acessórios,acessórios para cabelo,prendedores
rapazes,acessórios,acessórios para cabelo,outros
rapazes,beleza,perfumes,
rapazes,beleza,skincare,corpo
rapazes,beleza,skincare,rosto
rapazes,beleza,skincare,outros
rapazes,beleza,cabelos,shampoos
rapazes,beleza,cabelos,condicionadores
rapazes,beleza,cabelos,máscara e tratamentos
rapazes,beleza,cabelos,finalizadores
rapazes,beleza,cabelos,modeladores
rapazes,beleza,cabelos,outros
rapazes,calçados,botas,caturnos
rapazes,calçados,botas,casual
rapazes,calçados,botas,chelsea
rapazes,calçados,botas,botina
rapazes,calçados,botas,outros
rapazes,calçados,tênis,sneakers
rapazes,calçados,tênis,casual
rapazes,calçados,tênis,sapatênis
rapazes,calçados,tênis,esporte
rapazes,calçados,tênis,outros
rapazes,calçados,sandálias e rasteiras,alpargatas
rapazes,calçados,sandálias e rasteiras,birken
rapazes,calçados,sandálias e rasteiras,papetes
rapazes,calçados,sandálias e rasteiras,outros
rapazes,calçados,sapatos,mocassins
rapazes,calçados,sapatos,oxfords
rapazes,calçados,sapatos,social
rapazes,calçados,sapatos,outros
rapazes,calçados,mules,
rapazes,calçados,pantufas,
rapazes,calçados,chinelos,
rapazes,calçados,acessórios,calçadores
rapazes,calçados,acessórios,cardaços
rapazes,calçados,acessórios,palmilhas
rapazes,calçados,acessórios,outros
rapazes,roupas,shorts e bermudas,alfaiataria
rapazes,roupas,shorts e bermudas,boyfriend
rapazes,roupas,shorts e bermudas,cargo
rapazes,roupas,shorts e bermudas,chino
rapazes,roupas,shorts e bermudas,esporte
rapazes,roupas,shorts e bermudas,jogger
rapazes,roupas,shorts e bermudas,social
rapazes,roupas,shorts e bermudas,outros
rapazes,roupas,ternos,blazers
rapazes,roupas,ternos,calças
rapazes,roupas,ternos,conjuntos
rapazes,roupas,ternos,smokings
rapazes,roupas,ternos,outros
rapazes,roupas,casacos e jaquetas,esporte
rapazes,roupas,casacos e jaquetas,corta vento
rapazes,roupas,casacos e jaquetas,capas de chuva
rapazes,roupas,casacos e jaquetas,jaquetas
rapazes,roupas,casacos e jaquetas,jeans
rapazes,roupas,casacos e jaquetas,parkas
rapazes,roupas,casacos e jaquetas,sobretudos
rapazes,roupas,casacos e jaquetas,suéters e cardigans
rapazes,roupas,casacos e jaquetas,trench coats
rapazes,roupas,casacos e jaquetas,outros
rapazes,roupas,calças,alfaiataria
rapazes,roupas,calças,básicas e retas
rapazes,roupas,calças,bootcut
rapazes,roupas,calças,capri
rapazes,roupas,calças,cargo
rapazes,roupas,calças,carrot
rapazes,roupas,calças,chino
rapazes,roupas,calças,culotte
rapazes,roupas,calças,esporte
rapazes,roupas,calças,jogger
rapazes,roupas,calças,jeans
rapazes,roupas,calças,legging
rapazes,roupas,calças,pantacourt
rapazes,roupas,calças,pantalona
rapazes,roupas,calças,saruel
rapazes,roupas,calças,slim / skinny
rapazes,roupas,calças,wide leg
rapazes,roupas,calças,outros
rapazes,roupas,camisas,manga curta
rapazes,roupas,camisas,manga longa
rapazes,roupas,camisas,sem manga
rapazes,roupas,camisas,outras
rapazes,roupas,blusas,camisetas
rapazes,roupas,blusas,croppeds
rapazes,roupas,blusas,esporte
rapazes,roupas,blusas,regatas
rapazes,roupas,blusas,tops
rapazes,roupas,coletes,básicos
rapazes,roupas,coletes,esportivos
rapazes,roupas,coletes,outros
rapazes,roupas,macacões,esporte
rapazes,roupas,macacões,jardineiras
rapazes,roupas,macacões,macacão
rapazes,roupas,macacões,outros
rapazes,roupas,kimonos,
rapazes,roupas,pijamas,americano
rapazes,roupas,pijamas,basico
rapazes,roupas,pijamas,ceroula
rapazes,roupas,pijamas,conjunto
rapazes,roupas,pijamas,robe e roupão
rapazes,roupas,pijamas,outros
rapazes,roupas,meias,3 / 4
rapazes,roupas,meias,antiderrapante
rapazes,roupas,meias,cano alto
rapazes,roupas,meias,cano baixo
rapazes,roupas,meias,compressão
rapazes,roupas,meias,esporte
rapazes,roupas,meias,invisíveis
rapazes,roupas,meias,meias térmicas
rapazes,roupas,meias,sapatilhas
rapazes,roupas,meias,soquetes
rapazes,roupas,meias,outros
rapazes,roupas,moda íntima,cintas
rapazes,roupas,moda íntima,cuecas
rapazes,roupas,moda íntima,samba-canção
rapazes,roupas,moda íntima,segunda pele
rapazes,roupas,moda íntima,outros
rapazes,roupas,praia,bonés
rapazes,roupas,praia,cangas
rapazes,roupas,praia,shorts e bermudas
rapazes,roupas,praia,sungas
rapazes,roupas,praia,toalhas
rapazes,roupas,praia,outros
rapazes,roupas,fantasias,animais
rapazes,roupas,fantasias,datas comemorativas
rapazes,roupas,fantasias,da época
rapazes,roupas,fantasias,ficção cientifíca e geek
rapazes,roupas,fantasias,horror
rapazes,roupas,fantasias,personagens e super-heróis
rapazes,roupas,fantasias,profissões
rapazes,roupas,fantasias,outros
rapazes,bolsas,pochete,
rapazes,bolsas,carteiro,
rapazes,bolsas,maleta,
rapazes,bolsas,mochila,
rapazes,bolsas,mala,
rapazes,bolsas,esportes,
rapazes,bolsas,peças e acessórios,
rapazes,outros,,
crianças,acessórios e enxoval,acessórios,
crianças,acessórios e enxoval,andadores,
crianças,acessórios e enxoval,cadeirinhas,
crianças,acessórios e enxoval,carrinhos,
crianças,acessórios e enxoval,cama, berço e banho,acessórios para berços
crianças,acessórios e enxoval,cama, berço e banho,banheiras
crianças,acessórios e enxoval,cama, berço e banho,berços
crianças,acessórios e enxoval,cama, berço e banho,mantas
crianças,acessórios e enxoval,cama, berço e banho,travesseiros e almofadas
crianças,acessórios e enxoval,cama, berço e banho,troninhos
crianças,acessórios e enxoval,cama, berço e banho,outros
crianças,acessórios e enxoval,maternidade,bolsas
crianças,acessórios e enxoval,maternidade,protetores e absorventes
crianças,acessórios e enxoval,maternidade,outros
crianças,acessórios e enxoval,kits completos,
crianças,acessórios e enxoval,acessórios para cabelo,bandanas
crianças,acessórios e enxoval,acessórios para cabelo,faixas
crianças,acessórios e enxoval,acessórios para cabelo,prendedores
crianças,acessórios e enxoval,acessórios para cabelo,presilhas
crianças,acessórios e enxoval,acessórios para cabelo,tiaras
crianças,acessórios e enxoval,acessórios para cabelo,toucas
crianças,acessórios e enxoval,acessórios para cabelo,outros
crianças,acessórios e enxoval,jóias e bijuterias,anéis
crianças,acessórios e enxoval,jóias e bijuterias,brinquinhos
crianças,acessórios e enxoval,jóias e bijuterias,colares
crianças,acessórios e enxoval,jóias e bijuterias,correntes
crianças,acessórios e enxoval,jóias e bijuterias,pingentes
crianças,acessórios e enxoval,jóias e bijuterias,outros
crianças,acessórios e enxoval,óculos,escuro
crianças,acessórios e enxoval,óculos,grau
crianças,acessórios e enxoval,óculos,outros
crianças,acessórios e enxoval,relógios,analógico
crianças,acessórios e enxoval,relógios,digital
crianças,acessórios e enxoval,relógios,outros
crianças,acessórios e enxoval,bolsas,estojos
crianças,acessórios e enxoval,bolsas,lancheiras
crianças,acessórios e enxoval,bolsas,mochilas
crianças,acessórios e enxoval,bolsas,necessaries
crianças,acessórios e enxoval,bolsas,outros
crianças,roupas,blusas e camisetas,menina
crianças,roupas,blusas e camisetas,menino
crianças,roupas,blusas e camisetas,bebê
crianças,roupas,body,menina
crianças,roupas,body,bebê
crianças,roupas,calças,menina
crianças,roupas,calças,menino
crianças,roupas,calças,bebê
crianças,roupas,camisas,menina
crianças,roupas,camisas,menino
crianças,roupas,camisas,bebê
crianças,roupas,casacos,menina
crianças,roupas,casacos,menino
crianças,roupas,casacos,bebê
crianças,roupas,coletes,menina
crianças,roupas,coletes,menino
crianças,roupas,coletes,bebê
crianças,roupas,conjuntos,menina
crianças,roupas,conjuntos,menino
crianças,roupas,conjuntos,bebê
crianças,roupas,jaquetas,menina
crianças,roupas,jaquetas,menino
crianças,roupas,jaquetas,bebê
crianças,roupas,kimonos,menina
crianças,roupas,kimonos,bebê
crianças,roupas,macacões,menina
crianças,roupas,macacões,menino
crianças,roupas,macacões,bebê
crianças,roupas,moda íntima,menina
crianças,roupas,moda íntima,menino
crianças,roupas,moda íntima,bebê
crianças,roupas,pijamas,menina
crianças,roupas,pijamas,menino
crianças,roupas,pijamas,bebê
crianças,roupas,short-saia,menina
crianças,roupas,short-saia,bebê
crianças,roupas,shorts e bermudas,menina
crianças,roupas,shorts e bermudas,menino
crianças,roupas,shorts e bermudas,bebê
crianças,roupas,vestidos,menina
crianças,roupas,vestidos,bebê
crianças,calçados,acessórios,menina
crianças,calçados,acessórios,menino
crianças,calçados,acessórios,bebê
crianças,calçados,botas,menina
crianças,calçados,botas,menino
crianças,calçados,botas,bebê
crianças,calçados,chinelos,menina
crianças,calçados,chinelos,menino
crianças,calçados,chinelos,bebê
crianças,calçados,pantufas,menina
crianças,calçados,pantufas,menino
crianças,calçados,pantufas,bebê
crianças,calçados,sandálias,menina
crianças,calçados,sandálias,menino
crianças,calçados,sandálias,bebê
crianças,calçados,sapatilhas,
crianças,calçados,sapatos,menina
crianças,calçados,sapatos,menino
crianças,calçados,sapatos,bebê
crianças,calçados,tênis,menina
crianças,calçados,tênis,menino
crianças,calçados,tênis,bebê
crianças,brinquedos,para bebês,
crianças,brinquedos,bonecos e bonecas,
crianças,brinquedos,pelúcias,
crianças,brinquedos,esporte e lazer,bicicletas
crianças,brinquedos,esporte e lazer,patins
crianças,brinquedos,esporte e lazer,skates
crianças,brinquedos,esporte e lazer,triciclos e quadriciclos
crianças,brinquedos,esporte e lazer,bolas
crianças,brinquedos,esporte e lazer,pula-pula
crianças,brinquedos,esporte e lazer,piscina
crianças,brinquedos,esporte e lazer,santasias
crianças,brinquedos,esporte e lazer,escorregadores
crianças,brinquedos,esporte e lazer,infláveis
crianças,brinquedos,esporte e lazer,gangorras
crianças,brinquedos,educativos e de mesa,quebracabeças
crianças,brinquedos,educativos e de mesa,tabuleiros
crianças,brinquedos,educativos e de mesa,blocos de montar
crianças,brinquedos,educativos e de mesa,cartas
crianças,brinquedos,educativos e de mesa,musicais
crianças,brinquedos,educativos e de mesa,outros
crianças,brinquedos,artísticos,
crianças,brinquedos,casinha,
crianças,brinquedos,aventura,carrinhos e pistas
crianças,brinquedos,aventura,ferramentas
crianças,brinquedos,aventura,lançadores e acessórios
crianças,higiene e bem-estar,aspirador nasal,
crianças,higiene e bem-estar,cortador de unha,
crianças,higiene e bem-estar,perfumes,
crianças,higiene e bem-estar,termômetros,
crianças,higiene e bem-estar,cremes,hidratantes
crianças,higiene e bem-estar,cremes,óleos
crianças,higiene e bem-estar,cremes,pomadas
crianças,higiene e bem-estar,cremes,talcos
crianças,higiene e bem-estar,cremes,outros
crianças,higiene e bem-estar,sabonetes e shampoos,shampoos
crianças,higiene e bem-estar,sabonetes e shampoos,condicionador
crianças,higiene e bem-estar,sabonetes e shampoos,cremes para pentear
crianças,higiene e bem-estar,sabonetes e shampoos,sabonetes em barra
crianças,higiene e bem-estar,sabonetes e shampoos,sabonetes líquidos
crianças,higiene e bem-estar,sabonetes e shampoos,outros
crianças,higiene e bem-estar,escovas para cabelo,
crianças,higiene e bem-estar,higiene bucal,
crianças,higiene e bem-estar,inaladores,
crianças,outros,,
casa e decor,móveis,sala de tv e estar,racks e painéis
casa e decor,móveis,sala de tv e estar,mesas de centro
casa e decor,móveis,sala de tv e estar,mesas laterais
casa e decor,móveis,sala de tv e estar,sofás
casa e decor,móveis,sala de tv e estar,chaises e recamiers
casa e decor,móveis,sala de tv e estar,poltronas
casa e decor,móveis,sala de tv e estar,estantes e cristaleiras
casa e decor,móveis,sala de tv e estar,nichos e prateleiras
casa e decor,móveis,sala de tv e estar,puffs
casa e decor,móveis,sala de tv e estar,outros
casa e decor,móveis,sala de jantar,bancos e cadeiras
casa e decor,móveis,sala de jantar,bares e adegas
casa e decor,móveis,sala de jantar,mesas
casa e decor,móveis,sala de jantar,aparadores e buffets
casa e decor,móveis,sala de jantar,outros
casa e decor,móveis,quartos,cabeceiras
casa e decor,móveis,quartos,camas e bases de box
casa e decor,móveis,quartos,colchões
casa e decor,móveis,quartos,guarda-roupas
casa e decor,móveis,quartos,mesas de cabeceira
casa e decor,móveis,quartos,cômodas
casa e decor,móveis,quartos,poltronas
casa e decor,móveis,quartos,penteadeira
casa e decor,móveis,escritório,escrivaninhas
casa e decor,móveis,escritório,móveis para computador
casa e decor,móveis,escritório,cadeiras
casa e decor,móveis,escritório,gaveteiros
casa e decor,móveis,escritório,guarda-volumes e lockers
casa e decor,móveis,escritório,outros
casa e decor,móveis,cozinha,bancadas
casa e decor,móveis,cozinha,gabinetes
casa e decor,móveis,cozinha,fruteiras
casa e decor,móveis,cozinha,balcões e cooktops
casa e decor,móveis,cozinha,cadeiras
casa e decor,móveis,cozinha,armários
casa e decor,móveis,cozinha,tampos e bases
casa e decor,móveis,cozinha,outros
casa e decor,móveis,banheiro,armários
casa e decor,móveis,banheiro,gabinetes
casa e decor,móveis,banheiro,espelheiras
casa e decor,móveis,banheiro,outros
casa e decor,móveis,varanda e jardim,jóias e bijuterias
casa e decor,móveis,varanda e jardim,ombrelones e guarda-sois
casa e decor,móveis,varanda e jardim,cadeiras e recamiers
casa e decor,móveis,varanda e jardim,estruturas para sofás
casa e decor,móveis,varanda e jardim,outros
casa e decor,móveis,lavanderia,armários
casa e decor,móveis,lavanderia,tábuas de passar
casa e decor,móveis,lavanderia,outros
casa e decor,decoração e enfeites,adornos de mesa,
casa e decor,decoração e enfeites,bandeiras,
casa e decor,decoração e enfeites,capas para almofadas,
casa e decor,decoração e enfeites,centros de mesa,
casa e decor,decoração e enfeites,cofrinhos,
casa e decor,decoração e enfeites,cortinas e persianas,
casa e decor,decoração e enfeites,decoração infantis,
casa e decor,decoração e enfeites,efeites temáticos,
casa e decor,decoração e enfeites,espelhos,de mesa
casa e decor,decoração e enfeites,espelhos,de parede
casa e decor,decoração e enfeites,espelhos,de chão
casa e decor,decoração e enfeites,espelhos,outros
casa e decor,decoração e enfeites,flores artificiais,
casa e decor,decoração e enfeites,globos,
casa e decor,decoração e enfeites,imãs,
casa e decor,decoração e enfeites,itens místicos e religiosos,
casa e decor,decoração e enfeites,artesanais,
casa e decor,decoração e enfeites,passadeiras,
casa e decor,decoração e enfeites,porta-retratos,
casa e decor,decoração e enfeites,puxadores,
casa e decor,decoração e enfeites,quadros e telas decorativas,
casa e decor,decoração e enfeites,redes,
casa e decor,decoração e enfeites,relógios e despertadores,
casa e decor,decoração e enfeites,tapetes,quarto e sala
casa e decor,decoração e enfeites,tapetes,banheiro
casa e decor,decoração e enfeites,tapetes,cozinha e lavanderia
casa e decor,decoração e enfeites,tapetes,infantis
casa e decor,decoração e enfeites,tapetes,capachos
casa e decor,decoração e enfeites,tapetes,outros
casa e decor,decoração e enfeites,vasos,
casa e decor,decoração e enfeites,velas e lanternas,velas
casa e decor,decoração e enfeites,velas e lanternas,lanternas
casa e decor,decoração e enfeites,velas e lanternas,castiçais
casa e decor,decoração e enfeites,velas e lanternas,outros
casa e decor,decoração e enfeites,xales e mantas,
casa e decor,iluminação,abajures,
casa e decor,iluminação,acessórios para iluminação,
casa e decor,iluminação,arandelas,
casa e decor,iluminação,bases e cúpulas,
casa e decor,iluminação,fitas de led,
casa e decor,iluminação,lâmpadas,
casa e decor,iluminação,luminárias,de chão
casa e decor,iluminação,luminárias,de mesa
casa e decor,iluminação,luminárias,outros
casa e decor,iluminação,lustres e pendentes,
casa e decor,iluminação,neons e painéis,
casa e decor,iluminação,refletores e holofotes,
casa e decor,iluminação,spots,
casa e decor,iluminação,trilhos,
casa e decor,iluminação,varal de luzes,
casa e decor,utensílios para cozinha,afiadores,
casa e decor,utensílios para cozinha,assadeiras e formas,
casa e decor,utensílios para cozinha,balanças e medidores,
casa e decor,utensílios para cozinha,baldes de gelo,
casa e decor,utensílios para cozinha,bandejas,
casa e decor,utensílios para cozinha,batedeiras e fouets,
casa e decor,utensílios para cozinha,bombonieres,
casa e decor,utensílios para cozinha,bules e leiteiras,
casa e decor,utensílios para cozinha,chaleiras e bules,
casa e decor,utensílios para cozinha,chapas e bifeterias,
casa e decor,utensílios para cozinha,coadores,
casa e decor,utensílios para cozinha,copos e taças,
casa e decor,utensílios para cozinha,defumadores,
casa e decor,utensílios para cozinha,descascadores,
casa e decor,utensílios para cozinha,escorredores,
casa e decor,utensílios para cozinha,espremedores,
casa e decor,utensílios para cozinha,térmicas e coolers,
casa e decor,utensílios para cozinha,jarras e suqueiras,
casa e decor,utensílios para cozinha,mantegueiras e queijeiras,
casa e decor,utensílios para cozinha,panelas e frigideiras,
casa e decor,utensílios para cozinha,peneiras,
casa e decor,utensílios para cozinha,porta-objetos e suportes,
casa e decor,utensílios para cozinha,pratos,
casa e decor,utensílios para cozinha,raladores,
casa e decor,utensílios para cozinha,saladeiras,
casa e decor,utensílios para cozinha,saleiros e pimenteiros,
casa e decor,utensílios para cozinha,tábuas de corte,
casa e decor,utensílios para cozinha,talheres e faqueiros,
casa e decor,utensílios para cozinha,tesouras,
casa e decor,utensílios para cozinha,potes e tijelas,
casa e decor,utensílios para cozinha,torneiras,
casa e decor,utensílios para cozinha,xícaras e canecas,
casa e decor,organização,carrinhos para compra,
casa e decor,organização,cestos e caixas,
casa e decor,organização,ganchos e cabides,
casa e decor,organização,itens da lavanderia,
casa e decor,organização,itens de limpeza,
casa e decor,organização,itens de segurança,
casa e decor,organização,itens do banheiro,
casa e decor,organização,itens de quarto,
casa e decor,organização,lixeiras,
casa e decor,organização,prateleiras e nichos,
casa e decor,organização,tábuas de passar,
casa e decor,cama,mesa e banho,capas de colchão,
casa e decor,cama,mesa e banho,cobertores e edredons,
casa e decor,cama,mesa e banho,fronhas,
casa e decor,cama,mesa e banho,jogo americano,
casa e decor,cama,mesa e banho,lençóis,
casa e decor,cama,mesa e banho,luvas e aventais,
casa e decor,cama,mesa e banho,panos e guardanapos,
casa e decor,cama,mesa e banho,saia para camas,
casa e decor,cama,mesa e banho,toalhas de mesa,
casa e decor,cama,mesa e banho,toalhas de rosto,
casa e decor,cama,mesa e banho,travesseiros,
casa e decor,jardinagem,aparadores de grama,
casa e decor,jardinagem,aspiradores de folhas,
casa e decor,jardinagem,cachepots,
casa e decor,jardinagem,cortadores de grama,
casa e decor,jardinagem,lavadores e mangueiras,
casa e decor,jardinagem,plantas e sementes,
casa e decor,outros,,
eletrônicos,informática,monitores,
eletrônicos,informática,desktops,
eletrônicos,informática,notebooks,
eletrônicos,informática,digitalizadora,
eletrônicos,informática,acessórios,
eletrônicos,informática,adaptadores,
eletrônicos,informática,baterias,
eletrônicos,informática,calculadoras,
eletrônicos,informática,cases,
eletrônicos,informática,fontes e carregadores,
eletrônicos,informática,impressoras,
eletrônicos,informática,memórias e pen drives,
eletrônicos,informática,teclados e mouses,
eletrônicos,smartphones e acessórios,smartphones,
eletrônicos,smartphones e acessórios,acessórios de smartphone,capinhas
eletrônicos,smartphones e acessórios,acessórios de smartphone,carregadores
eletrônicos,smartphones e acessórios,acessórios de smartphone,peças
eletrônicos,smartphones e acessórios,acessórios de smartphone,películas
eletrônicos,smartphones e acessórios,acessórios de smartphone,outros
eletrônicos,tablets,ipad,
eletrônicos,tablets,android,
eletrônicos,tablets,infantis,
eletrônicos,tablets,outros,
eletrônicos,tablets,acessórios e peças,
eletrônicos,smartwatches e acessórios,smartwatches,
eletrônicos,smartwatches e acessórios,acessórios de smartwatch,carregadores
eletrônicos,smartwatches e acessórios,acessórios de smartwatch,películas
eletrônicos,smartwatches e acessórios,acessórios de smartwatch,pulseiras
eletrônicos,smartwatches e acessórios,acessórios de smartwatch,outros
eletrônicos,fotografia,baterias,
eletrônicos,fotografia,câmeras analógicas,
eletrônicos,fotografia,câmeras digitais,
eletrônicos,fotografia,carregadores e cabos,
eletrônicos,fotografia,cases e acessórios,
eletrônicos,fotografia,estabilizador,
eletrônicos,fotografia,filmadoras,
eletrônicos,fotografia,filmes analógicos,
eletrônicos,fotografia,fundos fotográficos,
eletrônicos,fotografia,lentes,
eletrônicos,fotografia,luzes e flashes,
eletrônicos,fotografia,memórias,
eletrônicos,fotografia,refletores e difusores,
eletrônicos,fotografia,tripés e suportes,
eletrônicos,áudio e vídeo,ipods e mp3,
eletrônicos,áudio e vídeo,amplificadores,
eletrônicos,áudio e vídeo,caixas de som,
eletrônicos,áudio e vídeo,chromecasts,
eletrônicos,áudio e vídeo,drones,
eletrônicos,áudio e vídeo,fones,
eletrônicos,áudio e vídeo,gps,
eletrônicos,áudio e vídeo,gravadores,
eletrônicos,áudio e vídeo,mesas de mixagem,
eletrônicos,áudio e vídeo,microfones,
eletrônicos,áudio e vídeo,óculos vr,
eletrônicos,áudio e vídeo,projetores,
eletrônicos,áudio e vídeo,rádios,
eletrônicos,áudio e vídeo,webcams,
eletrônicos,áudio e vídeo,tvs e displays,antenas e conversores
eletrônicos,áudio e vídeo,tvs e displays,cabos
eletrônicos,áudio e vídeo,tvs e displays,controles
eletrônicos,áudio e vídeo,tvs e displays,lcd
eletrônicos,áudio e vídeo,tvs e displays,led
eletrônicos,áudio e vídeo,tvs e displays,oled
eletrônicos,áudio e vídeo,tvs e displays,qled
eletrônicos,áudio e vídeo,tvs e displays,outros
eletrônicos,áudio e vídeo,aparelhos de dvds e vídeo,
eletrônicos,áudio e vídeo,home theaters,
eletrônicos,videogames,acessórios,
eletrônicos,videogames,consoles,
eletrônicos,videogames,jogos,
eletrônicos,aparelhos inteligentes,assistentes virtuais,
eletrônicos,aparelhos inteligentes,lâmpadas e interruptores,
eletrônicos,aparelhos inteligentes,leitores de livro,
eletrônicos,aparelhos inteligentes,tesmostatos,
eletrônicos,aparelhos inteligentes,tomadas,
eletrônicos,beleza e bem-estar,barbeadores,
eletrônicos,beleza e bem-estar,depiladores e aparadores,
eletrônicos,beleza e bem-estar,escovas faciais,
eletrônicos,beleza e bem-estar,escovas elétricas,
eletrônicos,beleza e bem-estar,nebolizadores,
eletrônicos,beleza e bem-estar,massageadores,
eletrônicos,beleza e bem-estar,medidores de saúde,
eletrônicos,beleza e bem-estar,modeladores,
eletrônicos,beleza e bem-estar,pranchas,
eletrônicos,beleza e bem-estar,secadores de cabelo,
eletrônicos,beleza e bem-estar,secadores de esmalte,
eletrônicos,segurança,alarmes,
eletrônicos,segurança,câmeras de segurança,
eletrônicos,segurança,cofres,
eletrônicos,segurança,fechaduras,
eletrônicos,telefones e comunicação,celulares,
eletrônicos,telefones e comunicação,aparelhos com fio,
eletrônicos,telefones e comunicação,fax,
eletrônicos,telefones e comunicação,aparelhos sem fio,
eletrônicos,telefones e comunicação,secretárias eletrônicas,
eletrônicos,telefones e comunicação,walkie-talkies,
eletrônicos,outros,,
eletrodomésticos,cozinha,batedeiras e masseiras,
eletrodomésticos,cozinha,churrasqueiras,
eletrodomésticos,cozinha,fogões e cooktops,
eletrodomésticos,cozinha,fornos,
eletrodomésticos,cozinha,foundues,
eletrodomésticos,cozinha,freezers,
eletrodomésticos,cozinha,frigobares,
eletrodomésticos,cozinha,fritadeiras elétricas,
eletrodomésticos,cozinha,geladeiras,
eletrodomésticos,cozinha,grills,
eletrodomésticos,cozinha,liquidificadores e processadores,
eletrodomésticos,cozinha,cafeteiras,
eletrodomésticos,cozinha,máquinas de pão,
eletrodomésticos,cozinha,microondas,
eletrodomésticos,cozinha,panelas elétricas,
eletrodomésticos,cozinha,sanduicheiras e torradeiras,
eletrodomésticos,limpeza e organização,aspiradores e robôs,
eletrodomésticos,limpeza e organização,vaporizadores e ferros,
eletrodomésticos,limpeza e organização,furadeiras e desparafusadeiras,
eletrodomésticos,ar e ventilação,ar condicionados,
eletrodomésticos,ar e ventilação,umidificadores e difusores,
eletrodomésticos,ar e ventilação,ventiladores,
eletrodomésticos,outros,,
livros e papelarias,livros,ficção,aventura
livros e papelarias,livros,ficção,fantasia
livros e papelarias,livros,ficção,ficção científica
livros e papelarias,livros,ficção,literatura
livros e papelarias,livros,ficção,mistério e thriller
livros e papelarias,livros,ficção,policial
livros e papelarias,livros,ficção,romance
livros e papelarias,livros,não-ficção,autoajuda
livros e papelarias,livros,não-ficção,biografias
livros e papelarias,livros,não-ficção,ciências
livros e papelarias,livros,não-ficção,crônicas e humor
livros e papelarias,livros,não-ficção,culinária
livros e papelarias,livros,não-ficção,eróticos
livros e papelarias,livros,não-ficção,esportes e lazer
livros e papelarias,livros,não-ficção,história
livros e papelarias,livros,não-ficção,saúde
livros e papelarias,livros,não-ficção,turismo
livros e papelarias,livros,poesia e drama,drama
livros e papelarias,livros,poesia e drama,poesia
livros e papelarias,livros,poesia e drama,teatro
livros e papelarias,livros,infantil e juvenil,infantil
livros e papelarias,livros,infantil e juvenil,juvenil
livros e papelarias,livros,religião e espiritualidade,budismo
livros e papelarias,livros,religião e espiritualidade,candomblé
livros e papelarias,livros,religião e espiritualidade,cristianismo
livros e papelarias,livros,religião e espiritualidade,espiritismo
livros e papelarias,livros,religião e espiritualidade,espiritual
livros e papelarias,livros,religião e espiritualidade,hinduísmo
livros e papelarias,livros,religião e espiritualidade,islão
livros e papelarias,livros,religião e espiritualidade,judaísmo
livros e papelarias,livros,religião e espiritualidade,new age
livros e papelarias,livros,religião e espiritualidade,ocultismo
livros e papelarias,livros,religião e espiritualidade,outras religiões
livros e papelarias,livros,religião e espiritualidade,teologia
livros e papelarias,livros,religião e espiritualidade,umbanda
livros e papelarias,livros,religião e espiritualidade,wicca
livros e papelarias,livros,fotografia e arte,arquitetura
livros e papelarias,livros,fotografia e arte,arte
livros e papelarias,livros,fotografia e arte,artesanato
livros e papelarias,livros,fotografia e arte,casa e decoração
livros e papelarias,livros,fotografia e arte,cinema
livros e papelarias,livros,fotografia e arte,dança
livros e papelarias,livros,fotografia e arte,design gráfico
livros e papelarias,livros,fotografia e arte,fotografia
livros e papelarias,livros,fotografia e arte,moda
livros e papelarias,livros,fotografia e arte,música
livros e papelarias,livros,técnicos e acadêmicos,administração e economia
livros e papelarias,livros,técnicos e acadêmicos,biologia
livros e papelarias,livros,técnicos e acadêmicos,ciências e matemática
livros e papelarias,livros,técnicos e acadêmicos,ciências sociais
livros e papelarias,livros,técnicos e acadêmicos,computação e informática
livros e papelarias,livros,técnicos e acadêmicos,comunicação e jornalismo
livros e papelarias,livros,técnicos e acadêmicos,enciclopédias e dicionários
livros e papelarias,livros,técnicos e acadêmicos,direito
livros e papelarias,livros,técnicos e acadêmicos,educação
livros e papelarias,livros,técnicos e acadêmicos,engenharia e transporte
livros e papelarias,livros,técnicos e acadêmicos,exames e concursos
livros e papelarias,livros,técnicos e acadêmicos,filosofia
livros e papelarias,livros,técnicos e acadêmicos,gastronomia
livros e papelarias,livros,técnicos e acadêmicos,idiomas
livros e papelarias,livros,técnicos e acadêmicos,marketing
livros e papelarias,livros,técnicos e acadêmicos,medicina e saúde
livros e papelarias,livros,técnicos e acadêmicos,política
livros e papelarias,livros,técnicos e acadêmicos,psicologia e psicanálise
livros e papelarias,livros,quadrinhos,graphic novels
livros e papelarias,livros,quadrinhos,mangás
livros e papelarias,livros,quadrinhos,tirinhas e gibi
livros e papelarias,livros,revistas,
livros e papelarias,livros,outros idiomas,
livros e papelarias,livros,coleções e box sets,
livros e papelarias,livros,marcadores,
livros e papelarias,cadernos e blocos,cadernos,
livros e papelarias,cadernos e blocos,blocos,
livros e papelarias,cadernos e blocos,agendas,
livros e papelarias,escrita e pintura,lápis e lapiseiras,
livros e papelarias,escrita e pintura,canetas e marcadores,
livros e papelarias,escrita e pintura,borrachas,
livros e papelarias,escrita e pintura,apontadores,
livros e papelarias,escrita e pintura,pincéis,
livros e papelarias,escrita e pintura,tintas,
livros e papelarias,escrita e pintura,estojos,
livros e papelarias,corte e colagem,tesouras e estiletes,
livros e papelarias,corte e colagem,réguas,
livros e papelarias,corte e colagem,grampeadores,
livros e papelarias,corte e colagem,cortadores de papel,
livros e papelarias,corte e colagem,colas,
livros e papelarias,corte e colagem,fitas adesivas,
livros e papelarias,organização,pastas e arquivos,
livros e papelarias,organização,organizadores de mesa,
livros e papelarias,organização,clipes e prendedores,
livros e papelarias,papéis,cartas,
livros e papelarias,papéis,kraft,
livros e papelarias,papéis,presente,
livros e papelarias,papéis,adesivo,
livros e papelarias,papéis,sulfite,
livros e papelarias,papéis,aquarela,
livros e papelarias,papéis,fotográfico,
livros e papelarias,papéis,fine art,
livros e papelarias,papéis,vergê,
livros e papelarias,papéis,vegetal,
livros e papelarias,papéis,pardo,
livros e papelarias,papéis,carbono,
livros e papelarias,papéis,couchê,
livros e papelarias,papéis,quadriculado,
livros e papelarias,papéis,almaço,
livros e papelarias,papéis,carta,
livros e papelarias,carimbos e adesivos,carimbos,
livros e papelarias,carimbos e adesivos,adesivos,
livros e papelarias,carimbos e adesivos,almofadas,
livros e papelarias,embalagens e envelopes,envelopes,
livros e papelarias,embalagens e envelopes,embalagens,
livros e papelarias,embalagens e envelopes,sacolas,
livros e papelarias,embalagens e envelopes,caixas,
livros e papelarias,scrapbook e álbuns,scrapbooks,
livros e papelarias,scrapbook e álbuns,álbuns,
livros e papelarias,outros,,
antiguidades,caixas-registradoras,,
antiguidades,"figurinhas, selos e cartções",,
antiguidades,latas,,
antiguidades,lembracinhas e souvenirs,,
antiguidades,maquinas de escrever,,
antiguidades,miniaturas,,
antiguidades,moedas e notas,,
antiguidades,outros,,
pets,bebedouros e comedouros,,
pets,caminhas e casinhas,,
pets,arranhadores,,
pets,gaiolas,,
pets,transporte,,
pets,higiene e cuidados,caixas sanitárias,
pets,higiene e cuidados,escovas dentais,
pets,higiene e cuidados,perfumes,
pets,higiene e cuidados,rasqueadeiras,
pets,higiene e cuidados,banho,
pets,higiene e cuidados,tapete higiênico,
pets,brinquedos,,
pets,coleiras,,
pets,roupinhas e acessórios,,
pets,outros,,
etc e tal,música e tv,música,cd's, dvd's e fitas
etc e tal,música e tv,música,disco de vinil
etc e tal,música e tv,música,toca-discos e vitrolas
etc e tal,música e tv,música,acessórios musicais
etc e tal,música e tv,música,posters
etc e tal,música e tv,música,outros
etc e tal,música e tv,intrumentos,corda
etc e tal,música e tv,intrumentos,tecla
etc e tal,música e tv,intrumentos,sopro
etc e tal,música e tv,intrumentos,percussão
etc e tal,música e tv,intrumentos,outros
etc e tal,música e tv,filmes e séries,dvd's e blu-rays's
etc e tal,música e tv,filmes e séries,vh's
etc e tal,música e tv,filmes e séries,posters
etc e tal,música e tv,filmes e séries,outros
etc e tal,jogos,tabuleiros,
etc e tal,jogos,quebra-cabeças,
etc e tal,jogos,blocos de montar,
etc e tal,jogos,tarots,
etc e tal,carros e motos,capacetes,
etc e tal,carros e motos,acessórios,
etc e tal,carros e motos,pneus e calotas,
etc e tal,carros e motos,som automotivo,
etc e tal,carros e motos,chaves e alarmes,
etc e tal,esportes e outdoor,natação e surf,
etc e tal,esportes e outdoor,patins,
etc e tal,esportes e outdoor,skates,
etc e tal,esportes e outdoor,bicicletas,
etc e tal,esportes e outdoor,patinetes,
etc e tal,esportes e outdoor,escalada e rappel,
etc e tal,esportes e outdoor,bolas,
etc e tal,esportes e outdoor,raquetes,
etc e tal,esportes e outdoor,itens de segurança,
etc e tal,esportes e outdoor,esteiras,
etc e tal,esportes e outdoor,bicicletas ergométricas,
etc e tal,esportes e outdoor,elípticos,
etc e tal,esportes e outdoor,halteres,
etc e tal,esportes e outdoor,cordas e eláticos,
etc e tal,esportes e outdoor,remos,
etc e tal,esportes e outdoor,tapetes e rolos,
etc e tal,esportes e outdoor,airsofts,
etc e tal,esportes e outdoor,acampamento,barracas
etc e tal,esportes e outdoor,acampamento,colchões e infladores
etc e tal,esportes e outdoor,acampamento,lanternas
etc e tal,esportes e outdoor,acampamento,sacos de dormir
etc e tal,esportes e outdoor,acampamento,outros
etc e tal,artesanato,costura e tecelagem,agulhas
etc e tal,artesanato,costura e tecelagem,contas e pedra
etc e tal,artesanato,costura e tecelagem,corrente e fios
etc e tal,artesanato,costura e tecelagem,fechos
etc e tal,artesanato,costura e tecelagem,outros
etc e tal,artesanato,joalheria,ganchos e argolas
etc e tal,artesanato,joalheria,linhas
etc e tal,artesanato,joalheria,máquinas de costura
etc e tal,artesanato,joalheria,tecidos
etc e tal,artesanato,joalheria,outros
etc e tal,artesanato,pintura e desenho,
etc e tal,artesanato,cerâmica e escultura,
etc e tal,artesanato,marcenaria,
etc e tal,artesanato,alicates e tesouras,
etc e tal,saúde e bem-estar,itens médicos,
etc e tal,saúde e bem-estar,balanças,
etc e tal,outros,,,